[
	{
		"name": "fullmap",
		"location_size": 100,
		"location_border_thickness": 5,
		"img": "images/maps/map_full.png"
	},
	{
		"name": "artaria",
		"location_size": 40,
		"location_border_thickness": 5,
		"img": "images/maps/map_artaria.png"
	},
	{
		"name": "burenia",
		"location_size": 40,
		"location_border_thickness": 5,
		"img": "images/maps/map_burenia.png"
	},
	{
		"name": "cataris",
		"location_size": 40,
		"location_border_thickness": 5,
		"img": "images/maps/map_cataris.png"
	},
	{
		"name": "dairon",
		"location_size": 40,
		"location_border_thickness": 5,
		"img": "images/maps/map_dairon.png"
	},
	{
		"name": "elun",
		"location_size": 40,
		"location_border_thickness": 5,
		"img": "images/maps/map_elun.png"
	},
	{
		"name": "ferenia",
		"location_size": 40,
		"location_border_thickness": 5,
		"img": "images/maps/map_ferenia.png"
	},
	{
		"name": "ghavoran",
		"location_size": 40,
		"location_border_thickness": 5,
		"img": "images/maps/map_ghavoran.png"
	},
	{
		"name": "hanubia",
		"location_size": 40,
		"location_border_thickness": 5,
		"img": "images/maps/map_hanubia.png"
	}
]