﻿{
	"items_and_bosses":
	{
		"type": "itemgrid",
		"h_alignment": "center",
		"item_margin": "1,2",
		"rows": [
			[ "charge", "diffusion", "wide", "super", "ice", "storm" ],
			[ "plasma", "wave", "grapple", "cloak", "flash", "pulse" ],
			[ "morph", "bomb", "cross", "pbomb", "varia", "gravity" ],
			[ "magnet", "speed", "spin", "space", "screw", "thex" ],
			[ "corpius", "kraid", "drogyga", "escue", "z57", "golzuna" ],
			[ "emmi2", "emmi3", "emmi4", "emmi5", "emmi6", "emmi7" ]
		]
	},
	"consumables":
	{
		"type": "array",
		"orientation": "vertical",
		"v_alignment": "bottom",
		"margin": "0,0", 
		"content": [
		{
			"type": "itemgrid",
			"item_margin": "1,2",
			"item_width": "100",
			"item_height": "60",
			"h_alignment": "left",
			"rows": [
				[ "energyhud", "missilehud" ]
//				[ "pbombhub" ]
			]
		},
		{
			"type": "itemgrid",
			"item_margin": "1,2",
			"item_width": "200",
			"item_height": "60",
			"h_alignment": "left",
			"rows": [
				[ "spartintroroom" ]
			]
		}
		]
	},
	"startingpoint":
	{
		"type": "array",
		"orientation": "vertical",
		"v_alignment": "top",
		"margin": "0,0",
		"content": [
		{
			"type": "itemgrid",
			"item_margin": "1,2",
			"item_width": "90",
			"item_height": "45",
			"h_alignment": "left",
			"rows": [
				[ "spartintroroom" ]
			]
		}
		]
	},
	"tracker_capture_item": 
	{
		"type": "container",
		"content": {
			"type": "itemgrid",
			"h_alignment": "center",
			"item_margin": "1,2",
			"rows": [
				[ "charge", "diffusion", "wide", "super", "ice", "storm" ],
				[ "plasma", "wave", "grapple", "cloak", "flash", "pulse" ],
				[ "morph", "bomb", "cross", "pbomb", "varia", "gravity" ],
				[ "magnet", "speed", "spin", "space", "screw" ],
				[ "energypart", "energytank", "missilepack", "missile+pack", "pbombtank" ]
			]
		}
	},
	"tracker_horizontal": 
	{
		"type": "container",
		"content": 
		{
			"type": "dock",
			"dropshadow": true,
			"content": [
			{
				"type": "dock",
				"dock": "bottom",
				"h_alignment": "stretch",
				"content": [
				{
					"type": "group",
					"header": "Items",
					"content":
					{
						"type": "array",
						"orientation": "horizontal",
						"margin": "0,0",
						"content": [
						{
							"type": "layout",
							"key": "items_and_bosses"
						},
						{
							"type": "layout",
							"key": "consumables"
						}
						]
					}
				},
				{
					"type": "group",
					"header": "Pinned Locations",
					"content":
					{
						"type": "recentpins",
						"style": "wrap",
						"h_alignment": "stretch",
						"v_alignment": "stretch",
						"orientation": "horizontal",
						"compact": true
					}
				}
				]
			},
			{
				"type": "tabbed",
				"tabs": [
//				{
//					"title": "Full Map",
//					"content": 
//					{
//						"type": "map",
//						"maps": [ "fullmap" ]
//					}
//				},
				{
					"title": "Artaria",
					"content": 
					{
						"type": "map",
						"maps": [ "artaria" ]
					}
				},
				{
					"title": "Burenia",
					"content": 
					{
						"type": "map",
						"maps": [ "burenia" ]
					}
				},
				{
					"title": "Cataris",
					"content": 
					{
						"type": "map",
						"maps": [ "cataris" ]
					}
				},
				{
					"title": "Dairon",
					"content": 
					{
						"type": "map",
						"maps": [ "dairon" ]
					}
				},
				{
					"title": "Elun",
					"content": 
					{
						"type": "map",
						"maps": [ "elun" ]
					}
				},
				{
					"title": "Ferenia",
					"content": 
					{
						"type": "map",
						"maps": [ "ferenia" ]
					}
				},
				{
					"title": "Ghavoran",
					"content": 
					{
						"type": "map",
						"maps": [ "ghavoran" ]
					}
				},
				{
					"title": "Hanubia",
					"content": 
					{
						"type": "map",
						"maps": [ "hanubia" ]
					}
				}
				]
			}
			]
		}
	},
	"tracker_vertical":
	{
		"type": "container",
		"content": 
		{
			"type": "dock",
			"dropshadow": true,
			"content": [
			{
				"type": "dock",
				"dock": "bottom",
				"h_alignment": "stretch",
				"content": [
				{
					"type": "array",
					"orientation": "vertical",
					"content": [
					{
						"type": "group",
						"header": "Items",
						"content": 
						{
							"type": "array",
							"orientation": "horizontal",
							"margin": "0,0",
							"content": [
							{
								"type": "layout",
								"key": "items_and_bosses"
							},
							{
								"type": "layout",
								"key": "consumables"
							},
							{
								"type": "layout",
								"key": "startingpoint"
							}
							]
						}
					},
					{
						"type": "group",
						"header": "Pinned Locations",
						"content":
						{
							"type": "recentpins",
							"style": "wrap",
							"h_alignment": "stretch",
							"v_alignment": "stretch",
							"orientation": "horizontal",
							"compact": true
						}
					}
					]
				}
				]
			},
			{
				"type": "tabbed",
				"tabs": [
//				{
//					"title": "Full Map",
//					"content": {
//						"type": "map",
//						"maps": [ "fullmap" ]
//					}
//				},
				{
					"title": "Artaria",
					"content": 
					{
						"type": "map",
						"maps": [ "artaria" ]
					}
				},
				{
					"title": "Burenia",
					"content": 
					{
						"type": "map",
						"maps": [ "burenia" ]
					}
				},
				{
					"title": "Cataris",
					"content": 
					{
						"type": "map",
						"maps": [ "cataris" ]
					}
				},
				{
					"title": "Dairon",
					"content": 
					{
						"type": "map",
						"maps": [ "dairon" ]
					}
				},
				{
					"title": "Ghavoran",
					"content": 
					{
						"type": "map",
						"maps": [ "ghavoran" ]
					}
				},
				{
					"title": "Elun",
					"content": 
					{
						"type": "map",
						"maps": [ "elun" ]
					}
				},
				{
					"title": "Ferenia",
					"content": 
					{
						"type": "map",
						"maps": [ "ferenia" ]
					}
				},
				{
					"title": "Hanubia",
					"content": 
					{
						"type": "map",
						"maps": [ "hanubia" ]
					}
				}
				]
			}
			]
		}
	}
}